User_ID,Age,Gender,Platform,Daily_Usage_Time (minutes),Posts_Per_Day,Likes_Received_Per_Day,Comments_Received_Per_Day,Messages_Sent_Per_Day
753.0,29.0,2.0,0.0,85.0,2.0,27.0,9.0,20.0
33.0,23.0,2.0,5.0,70.0,3.0,27.0,11.0,18.0
987.0,31.0,1.0,4.0,85.0,3.0,45.0,20.0,28.0
426.0,31.0,1.0,0.0,80.0,2.0,20.0,10.0,20.0
645.0,35.0,0.0,2.0,60.0,1.0,15.0,7.0,14.0
600.0,27.0,0.0,3.0,120.0,4.0,40.0,18.0,22.0
260.0,27.0,1.0,0.0,60.0,1.0,12.0,5.0,15.0
893.0,24.0,1.0,4.0,75.0,3.0,37.0,16.0,22.0
760.0,27.0,1.0,0.0,60.0,1.0,12.0,5.0,15.0
721.0,26.0,1.0,0.0,75.0,2.0,30.0,14.0,20.0
309.0,29.0,0.0,2.0,55.0,2.0,15.0,5.0,10.0
60.0,27.0,1.0,0.0,60.0,1.0,10.0,4.0,15.0
812.0,26.0,2.0,0.0,95.0,3.0,30.0,14.0,18.0
918.0,27.0,1.0,5.0,90.0,3.0,40.0,16.0,24.0
755.0,31.0,1.0,2.0,60.0,1.0,15.0,7.0,17.0
862.0,23.0,1.0,6.0,70.0,3.0,22.0,10.0,18.0
482.0,24.0,2.0,3.0,85.0,3.0,33.0,20.0,18.0
462.0,23.0,1.0,6.0,70.0,3.0,22.0,10.0,18.0
423.0,29.0,1.0,2.0,60.0,2.0,17.0,8.0,15.0
353.0,29.0,2.0,0.0,85.0,2.0,27.0,9.0,20.0
465.0,25.0,1.0,5.0,90.0,6.0,42.0,14.0,26.0
714.0,22.0,0.0,1.0,180.0,8.0,100.0,38.0,45.0
333.0,23.0,2.0,5.0,70.0,3.0,30.0,14.0,18.0
84.0,22.0,1.0,5.0,70.0,1.0,20.0,5.0,22.0
130.0,26.0,2.0,0.0,45.0,1.0,8.0,4.0,12.0
652.0,24.0,0.0,5.0,75.0,3.0,33.0,18.0,19.0
466.0,29.0,2.0,0.0,60.0,1.0,12.0,4.0,12.0
946.0,30.0,1.0,1.0,175.0,7.0,100.0,33.0,38.0
468.0,31.0,0.0,6.0,65.0,2.0,27.0,10.0,20.0
261.0,30.0,0.0,1.0,175.0,6.0,72.0,30.0,33.0
559.0,28.0,0.0,5.0,95.0,4.0,48.0,22.0,25.0
849.0,32.0,1.0,1.0,130.0,5.0,80.0,28.0,31.0
924.0,33.0,2.0,1.0,190.0,8.0,105.0,36.0,50.0
584.0,22.0,1.0,5.0,70.0,1.0,22.0,7.0,22.0
139.0,22.0,0.0,1.0,115.0,3.0,60.0,17.0,30.0
971.0,24.0,0.0,1.0,140.0,4.0,65.0,22.0,30.0
142.0,25.0,0.0,1.0,150.0,6.0,90.0,26.0,30.0
574.0,29.0,0.0,6.0,90.0,2.0,24.0,12.0,22.0
64.0,26.0,0.0,6.0,120.0,4.0,60.0,19.0,30.0
406.0,21.0,1.0,1.0,150.0,5.0,65.0,25.0,30.0
140.0,28.0,2.0,0.0,100.0,2.0,22.0,12.0,25.0
391.0,27.0,2.0,0.0,50.0,1.0,10.0,4.0,10.0
977.0,32.0,0.0,1.0,155.0,6.0,75.0,25.0,38.0
225.0,22.0,0.0,5.0,70.0,3.0,25.0,16.0,15.0
934.0,21.0,0.0,1.0,130.0,6.0,95.0,22.0,28.0
275.0,25.0,1.0,4.0,80.0,4.0,30.0,13.0,25.0
410.0,31.0,1.0,1.0,170.0,7.0,90.0,35.0,40.0
611.0,26.0,2.0,0.0,95.0,3.0,20.0,9.0,21.0
603.0,22.0,2.0,0.0,60.0,2.0,20.0,10.0,15.0
395.0,26.0,1.0,1.0,150.0,5.0,70.0,25.0,30.0
599.0,28.0,2.0,4.0,60.0,2.0,18.0,8.0,18.0
911.0,23.0,0.0,2.0,85.0,2.0,27.0,10.0,28.0
928.0,25.0,0.0,1.0,160.0,6.0,85.0,26.0,30.0
815.0,28.0,1.0,5.0,100.0,6.0,50.0,30.0,29.0
473.0,21.0,2.0,0.0,55.0,3.0,17.0,7.0,12.0
606.0,21.0,1.0,1.0,150.0,5.0,65.0,25.0,30.0
399.0,28.0,2.0,4.0,60.0,2.0,18.0,8.0,18.0
761.0,30.0,0.0,1.0,175.0,6.0,72.0,30.0,33.0
621.0,26.0,1.0,0.0,75.0,2.0,30.0,14.0,20.0
332.0,28.0,1.0,1.0,145.0,7.0,80.0,30.0,35.0
667.0,28.0,1.0,1.0,165.0,5.0,78.0,23.0,35.0
885.0,29.0,2.0,0.0,75.0,2.0,20.0,8.0,20.0
998.0,35.0,1.0,6.0,110.0,3.0,50.0,25.0,25.0
40.0,28.0,2.0,0.0,100.0,2.0,18.0,10.0,22.0
31.0,34.0,0.0,2.0,65.0,2.0,13.0,4.0,14.0
243.0,29.0,1.0,5.0,95.0,4.0,50.0,22.0,22.0
757.0,25.0,1.0,4.0,90.0,3.0,22.0,11.0,22.0
137.0,33.0,0.0,1.0,170.0,7.0,95.0,30.0,38.0
311.0,23.0,0.0,5.0,75.0,4.0,45.0,20.0,25.0
321.0,26.0,1.0,0.0,75.0,2.0,30.0,14.0,20.0
527.0,27.0,2.0,2.0,55.0,1.0,12.0,5.0,11.0
304.0,28.0,0.0,1.0,200.0,8.0,110.0,40.0,45.0
4.0,28.0,0.0,1.0,200.0,8.0,100.0,30.0,50.0
60.0,27.0,1.0,0.0,60.0,1.0,10.0,4.0,15.0
719.0,23.0,2.0,2.0,50.0,1.0,12.0,6.0,12.0
227.0,27.0,2.0,2.0,55.0,1.0,9.0,2.0,11.0
789.0,25.0,0.0,1.0,170.0,6.0,83.0,30.0,33.0
863.0,34.0,2.0,4.0,80.0,2.0,21.0,8.0,20.0
200.0,27.0,0.0,3.0,120.0,4.0,40.0,18.0,22.0
185.0,29.0,2.0,0.0,75.0,2.0,20.0,8.0,20.0
315.0,28.0,1.0,5.0,100.0,6.0,50.0,30.0,29.0
491.0,27.0,2.0,0.0,50.0,1.0,10.0,4.0,10.0
320.0,32.0,0.0,1.0,140.0,6.0,75.0,28.0,30.0
579.0,33.0,2.0,0.0,65.0,1.0,13.0,7.0,14.0
440.0,28.0,2.0,0.0,100.0,2.0,22.0,12.0,25.0
6.0,21.0,1.0,1.0,150.0,4.0,60.0,15.0,25.0
101.0,25.0,0.0,1.0,120.0,5.0,50.0,20.0,25.0
873.0,21.0,2.0,0.0,55.0,3.0,17.0,7.0,12.0
534.0,21.0,0.0,1.0,130.0,6.0,95.0,22.0,28.0
132.0,28.0,1.0,1.0,145.0,5.0,75.0,20.0,35.0
851.0,27.0,1.0,1.0,165.0,6.0,85.0,30.0,28.0
463.0,34.0,2.0,4.0,80.0,2.0,21.0,8.0,20.0
722.0,24.0,0.0,5.0,105.0,4.0,35.0,20.0,23.0
815.0,28.0,1.0,5.0,100.0,6.0,50.0,30.0,29.0
228.0,25.0,0.0,1.0,160.0,6.0,85.0,26.0,30.0
837.0,33.0,0.0,1.0,170.0,7.0,95.0,30.0,38.0
552.0,24.0,0.0,5.0,75.0,3.0,33.0,18.0,19.0
671.0,24.0,0.0,1.0,140.0,4.0,65.0,22.0,30.0
746.0,30.0,1.0,1.0,175.0,7.0,100.0,33.0,38.0
67.0,28.0,1.0,1.0,165.0,5.0,75.0,18.0,35.0
68.0,31.0,0.0,6.0,65.0,2.0,25.0,8.0,20.0
436.0,24.0,2.0,2.0,55.0,1.0,11.0,6.0,11.0
212.0,26.0,2.0,0.0,95.0,3.0,30.0,14.0,18.0
13.0,34.0,1.0,2.0,65.0,1.0,12.0,4.0,15.0
533.0,23.0,2.0,5.0,70.0,3.0,30.0,14.0,18.0
679.0,33.0,2.0,0.0,65.0,1.0,13.0,7.0,14.0
300.0,27.0,0.0,3.0,120.0,4.0,40.0,18.0,22.0
618.0,27.0,1.0,5.0,90.0,3.0,40.0,16.0,24.0
278.0,26.0,1.0,5.0,75.0,2.0,23.0,12.0,18.0
876.0,28.0,2.0,3.0,115.0,3.0,38.0,18.0,27.0
169.0,27.0,1.0,4.0,105.0,3.0,45.0,15.0,28.0
413.0,34.0,1.0,2.0,65.0,1.0,14.0,6.0,15.0
810.0,31.0,1.0,1.0,52.0,5.0,60.0,20.0,30.0
381.0,31.0,1.0,4.0,50.0,2.0,20.0,10.0,12.0
555.0,31.0,1.0,2.0,60.0,1.0,15.0,7.0,17.0
724.0,33.0,2.0,1.0,190.0,8.0,105.0,36.0,50.0
733.0,23.0,2.0,5.0,105.0,3.0,21.0,15.0,14.0
597.0,22.0,0.0,0.0,70.0,1.0,14.0,6.0,10.0
905.0,33.0,1.0,2.0,45.0,1.0,10.0,5.0,12.0
274.0,29.0,0.0,6.0,90.0,2.0,24.0,12.0,22.0
428.0,25.0,0.0,1.0,160.0,6.0,85.0,26.0,30.0
363.0,34.0,2.0,4.0,80.0,2.0,21.0,8.0,20.0
238.0,27.0,1.0,5.0,85.0,4.0,45.0,18.0,24.0
623.0,29.0,1.0,2.0,60.0,2.0,17.0,8.0,15.0
3.0,22.0,2.0,0.0,60.0,2.0,15.0,5.0,20.0
7.0,27.0,0.0,5.0,85.0,3.0,30.0,10.0,18.0
452.0,24.0,0.0,5.0,75.0,3.0,33.0,18.0,19.0
312.0,26.0,2.0,0.0,95.0,3.0,30.0,14.0,18.0
390.0,30.0,0.0,1.0,30.0,210.0,5.0,87.0,30.0
382.0,24.0,2.0,3.0,85.0,3.0,33.0,20.0,18.0
520.0,32.0,0.0,1.0,140.0,6.0,75.0,28.0,30.0
840.0,28.0,2.0,0.0,100.0,2.0,22.0,12.0,25.0
216.0,21.0,2.0,0.0,40.0,1.0,10.0,4.0,12.0
412.0,26.0,2.0,0.0,95.0,3.0,30.0,14.0,18.0
28.0,25.0,0.0,1.0,160.0,6.0,85.0,19.0,32.0
715.0,28.0,1.0,5.0,100.0,6.0,50.0,30.0,29.0
35.0,29.0,1.0,0.0,65.0,2.0,22.0,8.0,20.0
594.0,29.0,0.0,3.0,95.0,2.0,23.0,10.0,28.0
1000.0,27.0,0.0,3.0,120.0,4.0,40.0,18.0,22.0
988.0,21.0,2.0,3.0,60.0,1.0,18.0,7.0,12.0
962.0,23.0,1.0,6.0,70.0,3.0,22.0,10.0,18.0
771.0,24.0,0.0,1.0,140.0,4.0,65.0,22.0,30.0
633.0,22.0,0.0,1.0,130.0,6.0,88.0,25.0,40.0
355.0,31.0,1.0,2.0,60.0,1.0,15.0,7.0,17.0
621.0,26.0,1.0,0.0,75.0,2.0,30.0,14.0,20.0
443.0,29.0,1.0,5.0,95.0,4.0,50.0,22.0,22.0
257.0,25.0,1.0,4.0,90.0,3.0,22.0,11.0,22.0
292.0,32.0,0.0,6.0,105.0,4.0,55.0,25.0,25.0
26.0,31.0,1.0,0.0,80.0,2.0,18.0,8.0,21.0
337.0,33.0,0.0,1.0,170.0,7.0,95.0,30.0,38.0
431.0,34.0,0.0,2.0,65.0,2.0,17.0,5.0,14.0
48.0,26.0,2.0,0.0,75.0,2.0,28.0,11.0,18.0
319.0,23.0,2.0,2.0,50.0,1.0,12.0,6.0,12.0
107.0,27.0,0.0,5.0,85.0,3.0,40.0,18.0,20.0
843.0,29.0,1.0,5.0,95.0,4.0,50.0,22.0,22.0
56.0,22.0,0.0,6.0,70.0,2.0,40.0,8.0,21.0
550.0,28.0,0.0,2.0,55.0,1.0,12.0,6.0,10.0
214.0,22.0,0.0,1.0,180.0,8.0,100.0,38.0,45.0
121.0,26.0,1.0,0.0,75.0,2.0,30.0,14.0,20.0
20.0,32.0,0.0,1.0,130.0,4.0,55.0,21.0,13.0
535.0,29.0,1.0,0.0,65.0,2.0,27.0,11.0,22.0
712.0,26.0,2.0,0.0,95.0,3.0,30.0,14.0,18.0
73.0,21.0,2.0,0.0,55.0,3.0,15.0,5.0,12.0
635.0,29.0,1.0,0.0,65.0,2.0,27.0,11.0,22.0
786.0,28.0,0.0,6.0,100.0,4.0,37.0,14.0,26.0
725.0,22.0,0.0,5.0,70.0,3.0,25.0,16.0,15.0
10.0,31.0,1.0,1.0,170.0,5.0,80.0,20.0,35.0
942.0,25.0,0.0,1.0,150.0,6.0,90.0,26.0,30.0
827.0,27.0,2.0,2.0,55.0,1.0,12.0,5.0,11.0
582.0,24.0,2.0,3.0,85.0,3.0,33.0,20.0,18.0
592.0,32.0,0.0,6.0,105.0,4.0,55.0,25.0,25.0
583.0,34.0,0.0,1.0,120.0,5.0,60.0,25.0,25.0
529.0,30.0,1.0,5.0,90.0,4.0,43.0,19.0,24.0
326.0,31.0,1.0,0.0,80.0,2.0,20.0,10.0,20.0
571.0,24.0,0.0,1.0,140.0,4.0,65.0,22.0,30.0
974.0,29.0,0.0,6.0,90.0,2.0,24.0,12.0,22.0
317.0,35.0,0.0,1.0,125.0,5.0,65.0,22.0,28.0
651.0,27.0,1.0,1.0,165.0,6.0,85.0,30.0,28.0
875.0,25.0,1.0,4.0,80.0,4.0,30.0,13.0,25.0
978.0,26.0,1.0,5.0,75.0,2.0,23.0,12.0,18.0
719.0,23.0,2.0,2.0,50.0,1.0,12.0,6.0,12.0
476.0,28.0,2.0,3.0,115.0,3.0,38.0,18.0,26.0
773.0,21.0,2.0,0.0,55.0,3.0,17.0,7.0,12.0
576.0,28.0,2.0,3.0,115.0,3.0,38.0,18.0,27.0
61.0,30.0,0.0,1.0,175.0,6.0,70.0,23.0,33.0
773.0,21.0,2.0,0.0,55.0,3.0,17.0,7.0,12.0
93.0,24.0,1.0,4.0,75.0,3.0,33.0,13.0,22.0
906.0,21.0,1.0,1.0,150.0,5.0,65.0,25.0,30.0
537.0,33.0,0.0,1.0,170.0,7.0,95.0,30.0,38.0
352.0,24.0,0.0,5.0,75.0,3.0,33.0,18.0,19.0
984.0,22.0,1.0,5.0,70.0,1.0,22.0,7.0,22.0
281.0,31.0,1.0,4.0,50.0,2.0,20.0,10.0,12.0
882.0,24.0,2.0,3.0,85.0,3.0,33.0,20.0,18.0
711.0,23.0,0.0,5.0,75.0,4.0,45.0,20.0,25.0
360.0,27.0,1.0,0.0,60.0,1.0,12.0,5.0,15.0
678.0,26.0,1.0,5.0,75.0,2.0,23.0,12.0,18.0
747.0,21.0,0.0,5.0,90.0,3.0,37.0,14.0,20.0
472.0,26.0,1.0,0.0,75.0,2.0,30.0,14.0,20.0
554.0,33.0,0.0,1.0,145.0,4.0,65.0,23.0,35.0
844.0,23.0,2.0,0.0,105.0,2.0,25.0,12.0,18.0
769.0,27.0,1.0,4.0,105.0,3.0,48.0,20.0,28.0
183.0,34.0,0.0,1.0,120.0,5.0,60.0,25.0,25.0
754.0,33.0,0.0,1.0,145.0,4.0,65.0,23.0,35.0
480.0,27.0,0.0,6.0,90.0,4.0,37.0,18.0,20.0
111.0,23.0,0.0,5.0,75.0,4.0,45.0,20.0,25.0
371.0,24.0,0.0,1.0,140.0,4.0,65.0,22.0,30.0
240.0,28.0,2.0,0.0,100.0,2.0,22.0,12.0,25.0
744.0,23.0,2.0,0.0,105.0,2.0,25.0,12.0,18.0
662.0,23.0,1.0,6.0,70.0,3.0,22.0,10.0,18.0
627.0,27.0,2.0,2.0,55.0,1.0,12.0,5.0,11.0
205.0,33.0,1.0,2.0,45.0,1.0,10.0,5.0,12.0
900.0,27.0,0.0,3.0,120.0,4.0,40.0,18.0,22.0
850.0,28.0,0.0,2.0,55.0,1.0,12.0,6.0,10.0
262.0,23.0,1.0,6.0,70.0,3.0,22.0,10.0,18.0
524.0,33.0,2.0,1.0,190.0,8.0,105.0,36.0,50.0
429.0,28.0,0.0,1.0,190.0,7.0,80.0,30.0,35.0
340.0,28.0,2.0,0.0,100.0,2.0,22.0,12.0,25.0
701.0,25.0,0.0,1.0,120.0,5.0,50.0,20.0,25.0
803.0,22.0,2.0,0.0,60.0,2.0,20.0,10.0,15.0
507.0,27.0,0.0,5.0,85.0,3.0,40.0,18.0,20.0
184.0,22.0,1.0,5.0,70.0,1.0,22.0,7.0,22.0
138.0,27.0,1.0,5.0,85.0,4.0,45.0,18.0,24.0
228.0,30.0,0.0,0.0,90.0,4.0,38.0,20.0,24.0
742.0,25.0,0.0,1.0,150.0,6.0,90.0,26.0,30.0
868.0,31.0,0.0,6.0,65.0,2.0,27.0,10.0,20.0
81.0,31.0,1.0,4.0,50.0,2.0,18.0,6.0,12.0
528.0,25.0,0.0,1.0,160.0,6.0,85.0,26.0,30.0
835.0,29.0,1.0,0.0,65.0,2.0,27.0,11.0,22.0
993.0,24.0,1.0,4.0,75.0,3.0,37.0,16.0,22.0
30.0,26.0,2.0,0.0,45.0,1.0,6.0,3.0,10.0
676.0,28.0,2.0,3.0,115.0,3.0,38.0,18.0,27.0
472.0,35.0,1.0,5.0,70.0,1.0,13.0,8.0,10.0
166.0,29.0,2.0,0.0,60.0,1.0,12.0,4.0,12.0
249.0,32.0,1.0,1.0,130.0,5.0,80.0,28.0,31.0
308.0,24.0,2.0,0.0,110.0,6.0,35.0,16.0,25.0
804.0,28.0,0.0,1.0,200.0,8.0,110.0,40.0,45.0
561.0,31.0,1.0,1.0,175.0,6.0,72.0,30.0,33.0
347.0,21.0,0.0,5.0,90.0,3.0,37.0,14.0,20.0
335.0,29.0,1.0,0.0,65.0,2.0,27.0,11.0,22.0
286.0,28.0,0.0,6.0,100.0,4.0,37.0,14.0,26.0
500.0,27.0,0.0,3.0,120.0,4.0,40.0,18.0,22.0
98.0,35.0,1.0,6.0,110.0,3.0,45.0,20.0,25.0
693.0,24.0,1.0,4.0,75.0,3.0,37.0,16.0,22.0
612.0,25.0,0.0,3.0,110.0,5.0,35.0,21.0,34.0
963.0,34.0,2.0,4.0,80.0,2.0,21.0,8.0,20.0
632.0,28.0,1.0,1.0,145.0,7.0,80.0,30.0,35.0
715.0,28.0,1.0,5.0,100.0,6.0,50.0,30.0,29.0
644.0,23.0,2.0,0.0,105.0,2.0,25.0,12.0,18.0
846.0,30.0,1.0,1.0,175.0,7.0,100.0,33.0,38.0
797.0,22.0,0.0,0.0,70.0,1.0,14.0,6.0,10.0
723.0,29.0,1.0,2.0,60.0,2.0,17.0,8.0,15.0
66.0,29.0,2.0,0.0,60.0,1.0,8.0,2.0,12.0
668.0,31.0,0.0,6.0,65.0,2.0,27.0,10.0,20.0
81.0,31.0,1.0,4.0,50.0,2.0,18.0,6.0,10.0
598.0,35.0,1.0,6.0,110.0,3.0,50.0,25.0,25.0
23.0,29.0,1.0,2.0,60.0,2.0,11.0,5.0,17.0
493.0,24.0,0.0,1.0,200.0,6.0,100.0,18.0,39.0
303.0,22.0,2.0,0.0,60.0,2.0,20.0,10.0,15.0
255.0,31.0,1.0,2.0,60.0,1.0,15.0,7.0,17.0
505.0,33.0,1.0,2.0,45.0,1.0,10.0,5.0,12.0
983.0,34.0,0.0,1.0,120.0,5.0,60.0,25.0,25.0
313.0,34.0,1.0,2.0,65.0,1.0,14.0,6.0,15.0
277.0,27.0,2.0,2.0,55.0,1.0,9.0,2.0,11.0
222.0,24.0,0.0,5.0,105.0,4.0,35.0,20.0,23.0
478.0,26.0,1.0,5.0,75.0,2.0,23.0,12.0,18.0
389.0,25.0,0.0,1.0,170.0,6.0,83.0,30.0,33.0
236.0,24.0,2.0,2.0,55.0,1.0,11.0,6.0,11.0
870.0,22.0,2.0,3.0,75.0,2.0,21.0,8.0,20.0
222.0,24.0,0.0,5.0,105.0,4.0,28.0,14.0,20.0
306.0,21.0,1.0,1.0,150.0,5.0,65.0,25.0,30.0
812.0,26.0,2.0,0.0,95.0,3.0,30.0,14.0,18.0
967.0,28.0,1.0,1.0,165.0,5.0,78.0,23.0,35.0
250.0,28.0,0.0,2.0,55.0,1.0,12.0,6.0,10.0
799.0,28.0,2.0,4.0,60.0,2.0,18.0,8.0,18.0
72.0,35.0,1.0,5.0,70.0,1.0,12.0,7.0,10.0
95.0,26.0,1.0,1.0,150.0,5.0,65.0,20.0,30.0
866.0,29.0,2.0,0.0,60.0,1.0,12.0,4.0,12.0
34.0,21.0,0.0,1.0,130.0,6.0,88.0,15.0,30.0
809.0,29.0,0.0,2.0,55.0,2.0,15.0,5.0,10.0
449.0,32.0,1.0,1.0,130.0,5.0,80.0,28.0,31.0
446.0,30.0,1.0,1.0,175.0,7.0,100.0,33.0,38.0
869.0,27.0,1.0,4.0,105.0,3.0,48.0,20.0,28.0
616.0,21.0,2.0,0.0,40.0,1.0,10.0,4.0,12.0
716.0,21.0,2.0,0.0,40.0,1.0,10.0,4.0,12.0
78.0,26.0,1.0,5.0,75.0,2.0,22.0,10.0,18.0
85.0,29.0,2.0,0.0,75.0,2.0,18.0,8.0,20.0
568.0,31.0,0.0,6.0,65.0,2.0,27.0,10.0,20.0
83.0,34.0,0.0,1.0,120.0,5.0,55.0,19.0,25.0
458.0,29.0,2.0,3.0,50.0,2.0,18.0,7.0,18.0
932.0,28.0,1.0,1.0,145.0,7.0,80.0,30.0,35.0
437.0,33.0,0.0,1.0,170.0,7.0,95.0,30.0,38.0
619.0,23.0,2.0,2.0,50.0,1.0,12.0,6.0,12.0
940.0,28.0,2.0,0.0,100.0,2.0,22.0,12.0,25.0
405.0,33.0,1.0,2.0,45.0,1.0,10.0,5.0,12.0
926.0,31.0,1.0,0.0,80.0,2.0,20.0,10.0,20.0
813.0,34.0,1.0,2.0,65.0,1.0,14.0,6.0,15.0
631.0,24.0,2.0,0.0,50.0,1.0,11.0,10.0,18.0
105.0,33.0,1.0,2.0,45.0,1.0,10.0,5.0,12.0
585.0,29.0,2.0,0.0,75.0,2.0,20.0,8.0,20.0
846.0,30.0,1.0,1.0,175.0,7.0,100.0,33.0,38.0
63.0,34.0,2.0,4.0,80.0,2.0,18.0,7.0,20.0
282.0,24.0,2.0,3.0,85.0,3.0,33.0,20.0,18.0
705.0,33.0,1.0,2.0,45.0,1.0,10.0,5.0,12.0
239.0,22.0,0.0,1.0,115.0,3.0,60.0,17.0,30.0
224.0,33.0,2.0,1.0,190.0,8.0,105.0,36.0,50.0
146.0,30.0,1.0,1.0,175.0,7.0,100.0,33.0,38.0
142.0,25.0,0.0,3.0,40.0,2.0,20.0,7.0,15.0
374.0,29.0,0.0,6.0,90.0,2.0,24.0,12.0,22.0
119.0,23.0,2.0,2.0,50.0,1.0,12.0,6.0,12.0
847.0,21.0,0.0,5.0,90.0,3.0,37.0,14.0,20.0
251.0,27.0,1.0,1.0,165.0,6.0,85.0,30.0,28.0
248.0,26.0,2.0,0.0,75.0,2.0,30.0,12.0,18.0
10.0,31.0,1.0,1.0,170.0,5.0,80.0,20.0,35.0
450.0,28.0,0.0,2.0,55.0,1.0,12.0,6.0,10.0
923.0,29.0,1.0,2.0,60.0,2.0,17.0,8.0,15.0
390.0,30.0,1.0,5.0,70.0,2.0,30.0,12.0,20.0
750.0,27.0,0.0,1.0,165.0,6.0,85.0,30.0,28.0
951.0,27.0,1.0,1.0,165.0,6.0,85.0,30.0,28.0
558.0,29.0,2.0,3.0,50.0,2.0,18.0,7.0,18.0
461.0,30.0,0.0,1.0,175.0,6.0,72.0,30.0,33.0
733.0,24.0,2.0,1.0,130.0,6.0,90.0,22.0,35.0
145.0,35.0,0.0,2.0,60.0,1.0,15.0,7.0,14.0
502.0,30.0,1.0,5.0,90.0,4.0,30.0,20.0,22.0
909.0,29.0,0.0,2.0,55.0,2.0,15.0,5.0,12.0
540.0,28.0,2.0,0.0,100.0,2.0,22.0,12.0,25.0
178.0,26.0,1.0,5.0,75.0,2.0,23.0,12.0,18.0
337.0,33.0,0.0,1.0,170.0,7.0,95.0,30.0,38.0
733.0,23.0,2.0,5.0,70.0,3.0,30.0,14.0,18.0
614.0,22.0,0.0,1.0,180.0,8.0,100.0,38.0,45.0
88.0,25.0,2.0,1.0,170.0,8.0,60.0,16.0,28.0
8.0,24.0,2.0,0.0,110.0,6.0,25.0,12.0,22.0
586.0,28.0,0.0,6.0,100.0,4.0,37.0,14.0,26.0
890.0,30.0,1.0,5.0,70.0,2.0,30.0,12.0,20.0
358.0,29.0,2.0,3.0,50.0,2.0,18.0,7.0,18.0
330.0,26.0,2.0,0.0,45.0,1.0,8.0,4.0,12.0
740.0,28.0,2.0,0.0,100.0,2.0,22.0,12.0,25.0
877.0,32.0,0.0,1.0,155.0,6.0,75.0,25.0,38.0
259.0,28.0,0.0,5.0,95.0,4.0,48.0,22.0,25.0
917.0,35.0,0.0,1.0,125.0,5.0,65.0,22.0,28.0
941.0,31.0,1.0,2.0,45.0,1.0,9.0,4.0,10.0
817.0,35.0,0.0,1.0,125.0,5.0,65.0,22.0,28.0
631.0,34.0,0.0,2.0,65.0,2.0,17.0,5.0,14.0
876.0,28.0,2.0,3.0,115.0,3.0,38.0,18.0,27.0
526.0,31.0,1.0,0.0,80.0,2.0,20.0,10.0,20.0
859.0,28.0,0.0,5.0,95.0,4.0,48.0,22.0,25.0
954.0,33.0,0.0,1.0,145.0,4.0,65.0,23.0,35.0
504.0,28.0,0.0,1.0,200.0,8.0,110.0,40.0,45.0
524.0,26.0,0.0,1.0,90.0,3.0,39.0,10.0,21.0
441.0,31.0,1.0,2.0,45.0,1.0,9.0,4.0,10.0
532.0,28.0,1.0,1.0,145.0,7.0,80.0,30.0,35.0
20.0,32.0,0.0,1.0,140.0,5.0,70.0,22.0,33.0
229.0,30.0,1.0,5.0,90.0,4.0,43.0,19.0,24.0
348.0,26.0,2.0,0.0,75.0,2.0,30.0,12.0,18.0
213.0,34.0,1.0,2.0,65.0,1.0,14.0,6.0,15.0
80.0,27.0,0.0,6.0,90.0,4.0,35.0,14.0,20.0
149.0,32.0,1.0,1.0,130.0,5.0,80.0,28.0,31.0
622.0,24.0,0.0,5.0,105.0,4.0,35.0,20.0,23.0
465.0,25.0,1.0,5.0,90.0,6.0,42.0,14.0,26.0
848.0,26.0,2.0,0.0,75.0,2.0,30.0,12.0,18.0
134.0,21.0,0.0,1.0,130.0,6.0,95.0,22.0,28.0
824.0,33.0,2.0,1.0,190.0,8.0,105.0,36.0,50.0
409.0,29.0,0.0,2.0,55.0,2.0,15.0,5.0,10.0
20.0,27.0,0.0,1.0,85.0,3.0,30.0,14.0,22.0
508.0,24.0,2.0,0.0,110.0,6.0,35.0,16.0,25.0
926.0,31.0,1.0,0.0,80.0,2.0,20.0,10.0,20.0
505.0,33.0,1.0,2.0,45.0,1.0,10.0,5.0,12.0
708.0,24.0,2.0,0.0,110.0,6.0,35.0,16.0,25.0
348.0,26.0,2.0,0.0,75.0,2.0,30.0,12.0,18.0
387.0,31.0,1.0,4.0,85.0,3.0,45.0,20.0,28.0
1.0,25.0,0.0,1.0,120.0,3.0,45.0,10.0,12.0
361.0,30.0,0.0,1.0,175.0,6.0,72.0,30.0,33.0
13.0,34.0,1.0,1.0,75.0,6.0,30.0,11.0,23.0
476.0,28.0,2.0,3.0,115.0,3.0,38.0,18.0,27.0
819.0,23.0,2.0,2.0,50.0,1.0,12.0,6.0,12.0
919.0,23.0,2.0,2.0,50.0,1.0,12.0,6.0,12.0
173.0,21.0,2.0,0.0,55.0,3.0,17.0,7.0,12.0
451.0,27.0,1.0,1.0,165.0,6.0,85.0,30.0,28.0
126.0,31.0,1.0,0.0,80.0,2.0,20.0,10.0,20.0
672.0,35.0,1.0,5.0,70.0,1.0,13.0,8.0,10.0
531.0,34.0,0.0,2.0,65.0,2.0,17.0,5.0,14.0
91.0,27.0,2.0,0.0,50.0,1.0,8.0,2.0,10.0
641.0,31.0,1.0,1.0,150.0,6.0,90.0,26.0,30.0
182.0,24.0,2.0,3.0,85.0,3.0,33.0,20.0,18.0
858.0,29.0,2.0,3.0,50.0,2.0,18.0,7.0,18.0
415.0,28.0,1.0,5.0,100.0,6.0,50.0,30.0,29.0
252.0,24.0,0.0,5.0,75.0,3.0,33.0,18.0,19.0
70.0,22.0,2.0,3.0,75.0,2.0,18.0,6.0,20.0
132.0,28.0,1.0,1.0,145.0,7.0,80.0,30.0,35.0
301.0,25.0,0.0,1.0,120.0,5.0,50.0,20.0,25.0
702.0,30.0,1.0,5.0,90.0,4.0,30.0,20.0,22.0
327.0,27.0,2.0,2.0,55.0,1.0,12.0,5.0,11.0
973.0,21.0,2.0,0.0,55.0,3.0,17.0,7.0,12.0
500.0,27.0,0.0,3.0,120.0,4.0,40.0,18.0,22.0
938.0,27.0,1.0,5.0,85.0,4.0,45.0,18.0,24.0
969.0,27.0,1.0,4.0,105.0,3.0,48.0,20.0,28.0
496.0,33.0,2.0,5.0,85.0,4.0,35.0,18.0,18.0
339.0,22.0,0.0,1.0,115.0,3.0,60.0,17.0,30.0
372.0,35.0,1.0,5.0,70.0,1.0,13.0,8.0,10.0
165.0,25.0,1.0,5.0,90.0,6.0,42.0,14.0,26.0
29.0,30.0,1.0,5.0,90.0,4.0,38.0,17.0,24.0
517.0,35.0,0.0,1.0,125.0,5.0,65.0,22.0,28.0
194.0,29.0,0.0,3.0,95.0,2.0,23.0,10.0,28.0
666.0,29.0,2.0,0.0,60.0,1.0,12.0,4.0,12.0
821.0,26.0,1.0,0.0,75.0,2.0,30.0,14.0,20.0
170.0,22.0,2.0,3.0,75.0,2.0,21.0,8.0,20.0
937.0,33.0,0.0,1.0,170.0,7.0,95.0,30.0,38.0
174.0,29.0,0.0,6.0,90.0,2.0,24.0,12.0,22.0
519.0,23.0,2.0,2.0,50.0,1.0,12.0,6.0,12.0
970.0,22.0,2.0,3.0,75.0,2.0,21.0,8.0,20.0
737.0,33.0,0.0,1.0,170.0,7.0,95.0,30.0,38.0
492.0,32.0,0.0,6.0,105.0,4.0,55.0,25.0,25.0
74.0,29.0,0.0,6.0,90.0,2.0,20.0,9.0,22.0
58.0,29.0,2.0,3.0,50.0,2.0,15.0,5.0,18.0
588.0,21.0,2.0,3.0,60.0,1.0,18.0,7.0,12.0
658.0,29.0,2.0,3.0,50.0,2.0,18.0,7.0,18.0
235.0,29.0,1.0,0.0,65.0,2.0,27.0,11.0,22.0
215.0,28.0,1.0,5.0,100.0,6.0,50.0,30.0,29.0
999.0,28.0,2.0,4.0,60.0,2.0,18.0,8.0,18.0
133.0,23.0,2.0,5.0,70.0,3.0,30.0,14.0,18.0
891.0,27.0,2.0,0.0,50.0,1.0,10.0,4.0,10.0
816.0,21.0,2.0,0.0,40.0,1.0,10.0,4.0,12.0
992.0,32.0,0.0,6.0,105.0,4.0,55.0,25.0,25.0
186.0,28.0,0.0,6.0,100.0,4.0,37.0,14.0,26.0
42.0,25.0,0.0,1.0,150.0,6.0,80.0,18.0,30.0
109.0,29.0,0.0,2.0,55.0,2.0,15.0,5.0,10.0
487.0,31.0,1.0,4.0,85.0,3.0,45.0,20.0,28.0
569.0,27.0,1.0,4.0,105.0,3.0,48.0,20.0,28.0
683.0,34.0,0.0,1.0,120.0,5.0,60.0,25.0,25.0
830.0,26.0,2.0,0.0,45.0,1.0,8.0,4.0,12.0
27.0,27.0,2.0,0.0,55.0,1.0,9.0,2.0,11.0
484.0,22.0,1.0,5.0,70.0,1.0,22.0,7.0,22.0
469.0,27.0,1.0,4.0,105.0,3.0,48.0,20.0,28.0
25.0,22.0,0.0,5.0,70.0,3.0,20.0,12.0,15.0
693.0,24.0,1.0,4.0,75.0,3.0,37.0,16.0,22.0
713.0,34.0,1.0,2.0,65.0,1.0,14.0,6.0,15.0
912.0,26.0,2.0,0.0,95.0,3.0,30.0,14.0,18.0
872.0,35.0,1.0,5.0,70.0,1.0,13.0,8.0,10.0
367.0,28.0,1.0,1.0,165.0,5.0,78.0,23.0,35.0
887.0,31.0,1.0,4.0,85.0,3.0,45.0,20.0,28.0
170.0,22.0,2.0,3.0,75.0,2.0,21.0,8.0,20.0
384.0,22.0,1.0,5.0,70.0,1.0,22.0,7.0,22.0
455.0,31.0,1.0,2.0,60.0,1.0,15.0,7.0,17.0
265.0,25.0,1.0,5.0,90.0,6.0,42.0,14.0,26.0
869.0,27.0,1.0,4.0,105.0,3.0,48.0,20.0,28.0
233.0,23.0,2.0,5.0,70.0,3.0,30.0,14.0,18.0
445.0,35.0,0.0,2.0,60.0,1.0,15.0,7.0,14.0
396.0,33.0,2.0,5.0,85.0,4.0,35.0,18.0,18.0
781.0,31.0,1.0,4.0,50.0,2.0,20.0,10.0,12.0
177.0,32.0,0.0,1.0,155.0,6.0,75.0,25.0,38.0
19.0,23.0,2.0,2.0,50.0,1.0,8.0,3.0,12.0
826.0,31.0,1.0,0.0,80.0,2.0,20.0,10.0,20.0
860.0,27.0,1.0,0.0,60.0,1.0,12.0,5.0,15.0
596.0,33.0,2.0,5.0,85.0,4.0,35.0,18.0,18.0
62.0,23.0,1.0,6.0,70.0,3.0,20.0,8.0,18.0
273.0,21.0,2.0,0.0,55.0,3.0,17.0,7.0,12.0
372.0,28.0,0.0,5.0,100.0,4.0,23.0,19.0,20.0
279.0,33.0,2.0,0.0,65.0,1.0,13.0,7.0,14.0
889.0,25.0,0.0,1.0,170.0,6.0,83.0,30.0,33.0
695.0,26.0,1.0,1.0,150.0,5.0,70.0,25.0,30.0
369.0,27.0,1.0,4.0,105.0,3.0,48.0,20.0,28.0
936.0,24.0,2.0,2.0,55.0,1.0,11.0,6.0,11.0
865.0,25.0,1.0,5.0,90.0,6.0,42.0,14.0,26.0
908.0,24.0,2.0,0.0,110.0,6.0,35.0,16.0,25.0
756.0,22.0,0.0,6.0,70.0,2.0,42.0,10.0,21.0
814.0,22.0,0.0,1.0,180.0,8.0,100.0,38.0,45.0
548.0,26.0,2.0,0.0,75.0,2.0,30.0,12.0,18.0
713.0,34.0,1.0,2.0,65.0,1.0,14.0,6.0,15.0
689.0,25.0,0.0,1.0,170.0,6.0,83.0,30.0,33.0
950.0,28.0,0.0,2.0,55.0,1.0,12.0,6.0,10.0
457.0,25.0,1.0,4.0,90.0,3.0,22.0,11.0,22.0
394.0,29.0,0.0,3.0,95.0,2.0,23.0,10.0,28.0
676.0,28.0,2.0,3.0,115.0,3.0,38.0,18.0,27.0
962.0,23.0,1.0,6.0,70.0,3.0,22.0,10.0,18.0
599.0,28.0,2.0,4.0,60.0,2.0,18.0,8.0,18.0
376.0,28.0,2.0,3.0,115.0,3.0,38.0,18.0,27.0
413.0,34.0,1.0,2.0,65.0,1.0,14.0,6.0,15.0
75.0,25.0,1.0,4.0,80.0,4.0,28.0,11.0,25.0
185.0,29.0,2.0,0.0,65.0,2.0,27.0,11.0,22.0
911.0,23.0,0.0,5.0,75.0,4.0,45.0,20.0,25.0
501.0,25.0,0.0,1.0,120.0,5.0,50.0,20.0,25.0
845.0,35.0,0.0,2.0,60.0,1.0,15.0,7.0,14.0
617.0,35.0,0.0,1.0,125.0,5.0,65.0,22.0,28.0
115.0,28.0,1.0,5.0,100.0,6.0,50.0,30.0,29.0
418.0,27.0,1.0,5.0,90.0,3.0,40.0,16.0,24.0
602.0,30.0,1.0,5.0,90.0,4.0,30.0,20.0,22.0
605.0,33.0,1.0,2.0,45.0,1.0,10.0,5.0,12.0
90.0,30.0,1.0,5.0,70.0,2.0,28.0,10.0,20.0
159.0,28.0,0.0,5.0,95.0,4.0,48.0,22.0,25.0
303.0,22.0,2.0,0.0,60.0,2.0,20.0,10.0,15.0
499.0,28.0,2.0,4.0,60.0,2.0,18.0,8.0,18.0
925.0,22.0,0.0,5.0,70.0,3.0,25.0,16.0,15.0
932.0,28.0,1.0,1.0,145.0,7.0,80.0,30.0,35.0
109.0,29.0,0.0,2.0,55.0,2.0,15.0,5.0,10.0
12.0,26.0,2.0,0.0,95.0,3.0,20.0,10.0,18.0
397.0,22.0,0.0,0.0,70.0,1.0,14.0,6.0,10.0
794.0,29.0,0.0,3.0,95.0,2.0,23.0,10.0,28.0
556.0,22.0,0.0,6.0,70.0,2.0,42.0,10.0,21.0
43.0,29.0,1.0,5.0,95.0,4.0,40.0,20.0,22.0
168.0,31.0,0.0,6.0,65.0,2.0,27.0,10.0,20.0
417.0,35.0,0.0,1.0,125.0,5.0,65.0,22.0,28.0
577.0,32.0,0.0,1.0,155.0,6.0,75.0,25.0,38.0
268.0,31.0,0.0,6.0,65.0,2.0,27.0,10.0,20.0
720.0,32.0,0.0,1.0,140.0,6.0,75.0,28.0,30.0
427.0,27.0,2.0,2.0,55.0,1.0,12.0,5.0,11.0
691.0,27.0,2.0,0.0,50.0,1.0,10.0,4.0,10.0
545.0,35.0,0.0,2.0,60.0,1.0,15.0,7.0,14.0
537.0,33.0,0.0,3.0,190.0,7.0,82.0,21.0,28.0
675.0,25.0,1.0,4.0,80.0,4.0,30.0,13.0,25.0
690.0,30.0,1.0,5.0,70.0,2.0,30.0,12.0,20.0
623.0,29.0,1.0,2.0,60.0,2.0,17.0,8.0,15.0
721.0,26.0,1.0,0.0,75.0,2.0,30.0,14.0,20.0
160.0,27.0,1.0,0.0,60.0,1.0,12.0,5.0,15.0
933.0,23.0,2.0,5.0,70.0,3.0,30.0,14.0,18.0
258.0,29.0,2.0,3.0,50.0,2.0,18.0,7.0,18.0
894.0,29.0,0.0,3.0,95.0,2.0,23.0,10.0,28.0
336.0,24.0,2.0,2.0,55.0,1.0,11.0,6.0,11.0
16.0,21.0,2.0,0.0,40.0,1.0,5.0,2.0,10.0
16.0,21.0,2.0,0.0,40.0,1.0,5.0,2.0,10.0
325.0,22.0,0.0,5.0,70.0,3.0,25.0,16.0,15.0
608.0,24.0,2.0,0.0,110.0,6.0,35.0,16.0,25.0
653.0,29.0,2.0,0.0,85.0,2.0,27.0,9.0,20.0
833.0,23.0,2.0,5.0,70.0,3.0,30.0,14.0,18.0
775.0,25.0,1.0,4.0,80.0,4.0,30.0,13.0,25.0
223.0,29.0,1.0,2.0,60.0,2.0,17.0,8.0,15.0
180.0,27.0,0.0,6.0,90.0,4.0,37.0,18.0,20.0
100.0,27.0,0.0,3.0,120.0,4.0,38.0,13.0,22.0
758.0,29.0,2.0,3.0,50.0,2.0,18.0,7.0,18.0
522.0,24.0,0.0,5.0,105.0,4.0,35.0,20.0,23.0
762.0,23.0,1.0,6.0,70.0,3.0,22.0,10.0,18.0
23.0,29.0,1.0,2.0,60.0,2.0,11.0,5.0,17.0
357.0,25.0,1.0,4.0,90.0,3.0,22.0,11.0,22.0
734.0,21.0,0.0,1.0,130.0,6.0,95.0,22.0,28.0
418.0,27.0,1.0,5.0,90.0,3.0,40.0,16.0,24.0
463.0,34.0,2.0,4.0,80.0,2.0,21.0,8.0,20.0
612.0,26.0,2.0,0.0,95.0,3.0,30.0,14.0,18.0
651.0,27.0,1.0,1.0,165.0,6.0,85.0,30.0,28.0
341.0,31.0,1.0,2.0,45.0,1.0,9.0,4.0,10.0
432.0,28.0,1.0,1.0,145.0,7.0,80.0,30.0,35.0
886.0,28.0,0.0,6.0,100.0,4.0,37.0,14.0,26.0
218.0,27.0,1.0,5.0,90.0,3.0,40.0,16.0,24.0
204.0,28.0,0.0,1.0,200.0,8.0,110.0,40.0,45.0
233.0,23.0,2.0,5.0,70.0,3.0,30.0,14.0,18.0
759.0,28.0,0.0,5.0,95.0,4.0,48.0,22.0,25.0
94.0,29.0,0.0,3.0,95.0,2.0,20.0,7.0,28.0
842.0,25.0,0.0,1.0,150.0,6.0,90.0,26.0,30.0
69.0,27.0,1.0,4.0,105.0,3.0,45.0,15.0,28.0
945.0,35.0,0.0,2.0,60.0,1.0,15.0,7.0,14.0
285.0,29.0,2.0,0.0,75.0,2.0,20.0,8.0,20.0
697.0,22.0,0.0,0.0,70.0,1.0,14.0,6.0,10.0
86.0,28.0,0.0,6.0,100.0,4.0,35.0,12.0,26.0
435.0,29.0,1.0,0.0,65.0,2.0,27.0,11.0,22.0
839.0,22.0,0.0,1.0,115.0,3.0,60.0,17.0,30.0
154.0,33.0,0.0,1.0,145.0,4.0,65.0,23.0,35.0
76.0,28.0,2.0,3.0,115.0,3.0,36.0,12.0,27.0
672.0,35.0,1.0,5.0,70.0,1.0,13.0,8.0,10.0
790.0,30.0,1.0,5.0,70.0,2.0,30.0,12.0,20.0
581.0,31.0,1.0,4.0,50.0,2.0,20.0,10.0,12.0
447.0,21.0,0.0,5.0,90.0,3.0,37.0,14.0,20.0
704.0,28.0,0.0,1.0,200.0,8.0,110.0,40.0,45.0
189.0,25.0,0.0,1.0,170.0,6.0,83.0,30.0,33.0
272.0,35.0,1.0,5.0,70.0,1.0,13.0,8.0,10.0
237.0,33.0,0.0,1.0,170.0,7.0,95.0,30.0,38.0
488.0,21.0,2.0,3.0,60.0,1.0,18.0,7.0,12.0
917.0,35.0,0.0,1.0,125.0,5.0,65.0,22.0,28.0
560.0,27.0,1.0,0.0,60.0,1.0,12.0,5.0,15.0
118.0,27.0,1.0,5.0,90.0,3.0,40.0,16.0,24.0
638.0,27.0,1.0,5.0,85.0,4.0,45.0,18.0,24.0
343.0,29.0,1.0,5.0,95.0,4.0,50.0,22.0,22.0
802.0,30.0,1.0,5.0,90.0,4.0,30.0,20.0,22.0
751.0,27.0,1.0,1.0,165.0,6.0,85.0,30.0,28.0
513.0,34.0,1.0,2.0,65.0,1.0,14.0,6.0,15.0
634.0,21.0,0.0,1.0,130.0,6.0,95.0,22.0,28.0
888.0,21.0,2.0,3.0,60.0,1.0,18.0,7.0,12.0
119.0,23.0,2.0,2.0,50.0,1.0,12.0,6.0,12.0
901.0,25.0,0.0,1.0,120.0,5.0,50.0,20.0,25.0
127.0,27.0,2.0,2.0,55.0,1.0,12.0,5.0,11.0
791.0,27.0,2.0,0.0,50.0,1.0,10.0,4.0,10.0
117.0,35.0,0.0,1.0,125.0,5.0,65.0,22.0,28.0
474.0,29.0,0.0,6.0,90.0,2.0,24.0,12.0,22.0
741.0,31.0,1.0,2.0,45.0,1.0,9.0,4.0,10.0
752.0,24.0,0.0,5.0,75.0,3.0,33.0,18.0,19.0
58.0,29.0,2.0,3.0,50.0,2.0,15.0,5.0,18.0
604.0,28.0,0.0,1.0,200.0,8.0,110.0,40.0,45.0
787.0,31.0,1.0,4.0,85.0,3.0,45.0,20.0,28.0
497.0,22.0,0.0,0.0,70.0,1.0,14.0,6.0,10.0
657.0,25.0,1.0,4.0,90.0,3.0,22.0,11.0,22.0
953.0,29.0,2.0,0.0,85.0,2.0,27.0,9.0,20.0
972.0,35.0,1.0,5.0,70.0,1.0,13.0,8.0,10.0
106.0,21.0,1.0,1.0,150.0,5.0,65.0,25.0,30.0
636.0,24.0,2.0,2.0,55.0,1.0,11.0,6.0,11.0
370.0,22.0,2.0,3.0,75.0,2.0,21.0,8.0,20.0
269.0,27.0,1.0,4.0,105.0,3.0,48.0,20.0,28.0
656.0,22.0,0.0,6.0,70.0,2.0,42.0,10.0,21.0
820.0,32.0,0.0,1.0,140.0,6.0,75.0,28.0,30.0
823.0,29.0,1.0,2.0,60.0,2.0,17.0,8.0,15.0
47.0,21.0,0.0,5.0,90.0,3.0,33.0,12.0,20.0
350.0,28.0,0.0,2.0,55.0,1.0,12.0,6.0,10.0
774.0,29.0,0.0,6.0,90.0,2.0,24.0,12.0,22.0
196.0,33.0,2.0,5.0,85.0,4.0,35.0,18.0,18.0
103.0,22.0,2.0,0.0,60.0,2.0,20.0,10.0,15.0
5.0,33.0,1.0,2.0,45.0,1.0,5.0,2.0,10.0
620.0,32.0,0.0,1.0,140.0,6.0,75.0,28.0,30.0
572.0,35.0,1.0,5.0,70.0,1.0,13.0,8.0,10.0
53.0,29.0,2.0,0.0,85.0,2.0,25.0,7.0,20.0
264.0,26.0,0.0,3.0,120.0,4.0,55.0,18.0,30.0
115.0,28.0,1.0,5.0,100.0,6.0,50.0,30.0,29.0
444.0,23.0,2.0,0.0,105.0,2.0,25.0,12.0,18.0
275.0,25.0,1.0,4.0,80.0,4.0,30.0,13.0,25.0
783.0,34.0,0.0,1.0,120.0,5.0,60.0,25.0,25.0
838.0,27.0,1.0,5.0,85.0,4.0,45.0,18.0,24.0
895.0,26.0,1.0,1.0,150.0,5.0,70.0,25.0,30.0
692.0,32.0,0.0,6.0,105.0,4.0,55.0,25.0,25.0
305.0,33.0,1.0,2.0,45.0,1.0,10.0,5.0,12.0
342.0,25.0,0.0,1.0,150.0,6.0,90.0,26.0,30.0
989.0,25.0,0.0,1.0,170.0,6.0,83.0,30.0,33.0
314.0,22.0,0.0,1.0,180.0,8.0,100.0,38.0,45.0
150.0,28.0,0.0,2.0,55.0,1.0,12.0,6.0,10.0
125.0,22.0,0.0,5.0,70.0,3.0,25.0,16.0,15.0
666.0,29.0,2.0,0.0,60.0,1.0,12.0,4.0,12.0
575.0,25.0,1.0,4.0,80.0,4.0,30.0,13.0,25.0
698.0,35.0,1.0,6.0,110.0,3.0,50.0,25.0,25.0
665.0,25.0,1.0,5.0,90.0,6.0,42.0,14.0,26.0
51.0,27.0,1.0,1.0,165.0,6.0,78.0,22.0,27.0
909.0,29.0,0.0,2.0,55.0,2.0,15.0,5.0,10.0
727.0,27.0,2.0,2.0,55.0,1.0,12.0,5.0,11.0
800.0,27.0,0.0,3.0,120.0,4.0,40.0,18.0,22.0
834.0,21.0,0.0,1.0,130.0,6.0,95.0,22.0,28.0
354.0,33.0,0.0,1.0,145.0,4.0,65.0,23.0,35.0
803.0,22.0,2.0,0.0,60.0,2.0,20.0,10.0,15.0
143.0,29.0,1.0,5.0,95.0,4.0,50.0,22.0,22.0
471.0,24.0,0.0,1.0,140.0,4.0,65.0,22.0,30.0
654.0,33.0,0.0,1.0,145.0,4.0,65.0,23.0,35.0
400.0,27.0,0.0,3.0,120.0,4.0,40.0,18.0,22.0
948.0,26.0,2.0,0.0,75.0,2.0,30.0,12.0,18.0
966.0,29.0,2.0,0.0,60.0,1.0,12.0,4.0,12.0
321.0,26.0,1.0,0.0,75.0,2.0,30.0,14.0,20.0
20.0,32.0,0.0,1.0,140.0,5.0,70.0,22.0,33.0
685.0,29.0,2.0,0.0,75.0,2.0,20.0,8.0,20.0
36.0,24.0,2.0,2.0,55.0,1.0,10.0,5.0,11.0
825.0,22.0,0.0,5.0,70.0,3.0,25.0,16.0,15.0
506.0,21.0,1.0,1.0,150.0,5.0,65.0,25.0,30.0
828.0,25.0,0.0,1.0,160.0,6.0,85.0,26.0,30.0
993.0,24.0,1.0,4.0,75.0,3.0,37.0,16.0,22.0
408.0,24.0,2.0,0.0,110.0,6.0,35.0,16.0,25.0
818.0,27.0,1.0,5.0,90.0,3.0,40.0,16.0,24.0
867.0,28.0,1.0,1.0,165.0,5.0,78.0,23.0,35.0
538.0,27.0,1.0,5.0,85.0,4.0,45.0,18.0,24.0
759.0,28.0,0.0,5.0,95.0,4.0,48.0,22.0,25.0
896.0,33.0,1.0,2.0,85.0,4.0,35.0,18.0,18.0
943.0,29.0,1.0,5.0,95.0,4.0,50.0,22.0,22.0
39.0,22.0,0.0,1.0,115.0,3.0,55.0,12.0,25.0
176.0,28.0,2.0,3.0,115.0,3.0,38.0,18.0,27.0
246.0,30.0,1.0,1.0,175.0,7.0,100.0,33.0,38.0
811.0,23.0,0.0,5.0,75.0,4.0,45.0,20.0,25.0
754.0,33.0,0.0,1.0,145.0,4.0,65.0,23.0,35.0
481.0,31.0,1.0,4.0,50.0,2.0,20.0,10.0,12.0
785.0,29.0,2.0,0.0,75.0,2.0,20.0,8.0,20.0
297.0,22.0,0.0,0.0,70.0,1.0,14.0,6.0,10.0
490.0,30.0,1.0,5.0,70.0,2.0,30.0,12.0,20.0
155.0,31.0,1.0,2.0,60.0,1.0,15.0,7.0,17.0
639.0,22.0,0.0,1.0,115.0,3.0,60.0,17.0,30.0
663.0,34.0,2.0,4.0,80.0,2.0,21.0,8.0,20.0
854.0,33.0,0.0,1.0,145.0,4.0,65.0,23.0,35.0
288.0,21.0,2.0,3.0,60.0,1.0,18.0,7.0,12.0
626.0,31.0,1.0,0.0,80.0,2.0,20.0,10.0,20.0
986.0,31.0,1.0,4.0,85.0,3.0,45.0,20.0,28.0
686.0,28.0,0.0,6.0,100.0,4.0,37.0,14.0,26.0
714.0,27.0,0.0,0.0,80.0,3.0,50.0,13.0,22.0
922.0,24.0,0.0,5.0,105.0,4.0,35.0,20.0,23.0
570.0,22.0,2.0,3.0,75.0,2.0,21.0,8.0,20.0
622.0,24.0,0.0,5.0,85.0,6.0,42.0,15.0,21.0
735.0,29.0,1.0,0.0,65.0,2.0,27.0,11.0,22.0
793.0,24.0,1.0,4.0,75.0,3.0,37.0,16.0,22.0
18.0,27.0,1.0,5.0,90.0,3.0,33.0,15.0,25.0
128.0,25.0,0.0,1.0,160.0,6.0,85.0,26.0,30.0
323.0,29.0,1.0,2.0,60.0,2.0,17.0,8.0,15.0
256.0,22.0,0.0,6.0,70.0,2.0,42.0,10.0,21.0
995.0,26.0,1.0,1.0,150.0,5.0,70.0,25.0,30.0
509.0,29.0,0.0,2.0,55.0,2.0,15.0,5.0,10.0
191.0,27.0,2.0,0.0,50.0,1.0,10.0,4.0,10.0
116.0,21.0,2.0,0.0,40.0,1.0,10.0,4.0,12.0
579.0,33.0,2.0,0.0,65.0,1.0,13.0,7.0,14.0
939.0,22.0,0.0,1.0,115.0,3.0,60.0,17.0,30.0
607.0,27.0,0.0,5.0,85.0,3.0,40.0,18.0,20.0
181.0,31.0,1.0,4.0,50.0,2.0,20.0,10.0,12.0
302.0,30.0,1.0,5.0,90.0,4.0,30.0,20.0,22.0
497.0,22.0,0.0,0.0,70.0,1.0,14.0,6.0,10.0
349.0,32.0,1.0,1.0,130.0,5.0,80.0,28.0,31.0
866.0,29.0,2.0,0.0,60.0,1.0,12.0,4.0,12.0
37.0,33.0,0.0,1.0,170.0,7.0,90.0,25.0,40.0
745.0,35.0,0.0,2.0,60.0,1.0,15.0,7.0,14.0
54.0,33.0,0.0,1.0,145.0,4.0,60.0,18.0,35.0
528.0,25.0,0.0,1.0,160.0,6.0,85.0,26.0,30.0
518.0,27.0,1.0,5.0,90.0,3.0,40.0,16.0,24.0
373.0,21.0,2.0,0.0,55.0,3.0,17.0,7.0,12.0
46.0,30.0,1.0,1.0,175.0,7.0,85.0,23.0,38.0
477.0,32.0,0.0,1.0,155.0,6.0,75.0,25.0,38.0
158.0,29.0,2.0,3.0,50.0,2.0,18.0,7.0,18.0
997.0,22.0,0.0,0.0,70.0,1.0,14.0,6.0,10.0
172.0,35.0,1.0,5.0,70.0,1.0,13.0,8.0,10.0
17.0,35.0,0.0,1.0,125.0,4.0,55.0,18.0,30.0
512.0,26.0,2.0,0.0,95.0,3.0,30.0,14.0,18.0
49.0,32.0,1.0,1.0,130.0,5.0,70.0,19.0,31.0
192.0,32.0,0.0,6.0,105.0,4.0,55.0,25.0,25.0
547.0,21.0,0.0,5.0,90.0,3.0,37.0,14.0,20.0
516.0,21.0,2.0,0.0,40.0,1.0,10.0,4.0,12.0
659.0,28.0,0.0,5.0,95.0,4.0,48.0,22.0,25.0
990.0,30.0,1.0,5.0,70.0,2.0,30.0,12.0,20.0
829.0,30.0,1.0,5.0,90.0,4.0,43.0,19.0,24.0
847.0,21.0,0.0,5.0,90.0,3.0,37.0,14.0,20.0
481.0,31.0,1.0,4.0,50.0,2.0,20.0,10.0,12.0
352.0,24.0,0.0,5.0,72.0,3.0,42.0,19.0,40.0
284.0,22.0,1.0,5.0,70.0,1.0,22.0,7.0,22.0
986.0,28.0,0.0,6.0,100.0,4.0,37.0,14.0,26.0
798.0,35.0,1.0,6.0,110.0,3.0,50.0,25.0,25.0
991.0,27.0,2.0,0.0,50.0,1.0,10.0,4.0,10.0
226.0,31.0,1.0,0.0,80.0,2.0,20.0,10.0,20.0
27.0,27.0,2.0,2.0,55.0,1.0,9.0,2.0,11.0
283.0,34.0,0.0,1.0,120.0,5.0,60.0,25.0,25.0
419.0,23.0,2.0,2.0,50.0,1.0,12.0,6.0,12.0
438.0,27.0,1.0,5.0,85.0,4.0,45.0,18.0,24.0
401.0,25.0,0.0,1.0,120.0,5.0,50.0,20.0,25.0
365.0,25.0,1.0,5.0,90.0,6.0,42.0,14.0,26.0
230.0,26.0,2.0,0.0,45.0,1.0,8.0,4.0,12.0
38.0,27.0,1.0,5.0,85.0,4.0,35.0,15.0,20.0
670.0,22.0,2.0,3.0,75.0,2.0,21.0,8.0,20.0
750.0,28.0,0.0,2.0,55.0,1.0,12.0,6.0,10.0
476.0,28.0,2.0,3.0,115.0,3.0,38.0,18.0,27.0
375.0,25.0,1.0,4.0,80.0,4.0,30.0,13.0,25.0
470.0,22.0,2.0,3.0,75.0,2.0,21.0,8.0,20.0
883.0,34.0,0.0,1.0,120.0,5.0,60.0,25.0,25.0
562.0,23.0,1.0,6.0,70.0,3.0,22.0,10.0,18.0
293.0,24.0,1.0,4.0,75.0,3.0,33.0,13.0,22.0
688.0,21.0,2.0,3.0,60.0,1.0,18.0,7.0,12.0
33.0,23.0,2.0,5.0,70.0,3.0,27.0,11.0,18.0
640.0,28.0,2.0,0.0,100.0,2.0,22.0,12.0,25.0
211.0,23.0,0.0,5.0,75.0,4.0,45.0,20.0,25.0
195.0,26.0,1.0,1.0,150.0,5.0,70.0,25.0,30.0
778.0,26.0,0.0,5.0,75.0,2.0,23.0,18.0,20.0
466.0,22.0,0.0,1.0,150.0,5.0,60.0,21.0,32.0
776.0,28.0,2.0,3.0,115.0,3.0,38.0,18.0,27.0
504.0,28.0,0.0,1.0,200.0,8.0,110.0,40.0,45.0
916.0,21.0,2.0,0.0,40.0,1.0,10.0,4.0,12.0
495.0,26.0,1.0,1.0,150.0,5.0,70.0,25.0,30.0
347.0,21.0,2.0,0.0,45.0,1.0,10.0,4.0,12.0
388.0,21.0,2.0,3.0,60.0,1.0,18.0,7.0,12.0
801.0,25.0,0.0,1.0,120.0,5.0,50.0,20.0,25.0
580.0,27.0,0.0,6.0,90.0,4.0,37.0,18.0,20.0
161.0,30.0,0.0,1.0,175.0,6.0,72.0,30.0,33.0
681.0,31.0,1.0,4.0,50.0,2.0,20.0,10.0,12.0
957.0,25.0,1.0,4.0,90.0,3.0,22.0,11.0,22.0
590.0,28.0,1.0,0.0,40.0,6.0,21.0,11.0,15.0
163.0,34.0,2.0,4.0,80.0,2.0,21.0,8.0,20.0
822.0,24.0,0.0,5.0,105.0,4.0,35.0,20.0,23.0
706.0,21.0,1.0,1.0,150.0,5.0,65.0,25.0,30.0
594.0,29.0,0.0,3.0,95.0,2.0,23.0,10.0,28.0
878.0,26.0,1.0,5.0,75.0,2.0,23.0,12.0,18.0
896.0,33.0,2.0,5.0,85.0,4.0,35.0,18.0,18.0
914.0,22.0,0.0,1.0,180.0,8.0,100.0,38.0,45.0
99.0,21.0,0.0,0.0,75.0,2.0,25.0,13.0,19.0
153.0,29.0,2.0,0.0,85.0,2.0,27.0,9.0,20.0
160.0,27.0,1.0,0.0,60.0,1.0,12.0,5.0,15.0
174.0,29.0,0.0,6.0,90.0,2.0,24.0,12.0,22.0
510.0,31.0,1.0,1.0,170.0,7.0,90.0,35.0,40.0
112.0,26.0,2.0,0.0,95.0,3.0,30.0,14.0,18.0
227.0,27.0,2.0,2.0,55.0,1.0,12.0,5.0,11.0
850.0,28.0,0.0,2.0,55.0,1.0,12.0,6.0,10.0
852.0,24.0,0.0,5.0,75.0,3.0,33.0,18.0,19.0
104.0,28.0,0.0,1.0,200.0,8.0,110.0,40.0,45.0
422.0,24.0,0.0,5.0,105.0,4.0,35.0,20.0,23.0
420.0,32.0,0.0,1.0,140.0,6.0,75.0,28.0,30.0
968.0,31.0,0.0,6.0,65.0,2.0,27.0,10.0,20.0
625.0,22.0,0.0,5.0,70.0,3.0,25.0,16.0,15.0
587.0,31.0,1.0,4.0,85.0,3.0,45.0,20.0,28.0
205.0,33.0,1.0,2.0,45.0,1.0,10.0,5.0,12.0
920.0,32.0,0.0,1.0,140.0,6.0,75.0,28.0,30.0
673.0,21.0,2.0,0.0,55.0,3.0,17.0,7.0,12.0
120.0,32.0,0.0,1.0,140.0,6.0,75.0,28.0,30.0
54.0,33.0,0.0,1.0,145.0,4.0,60.0,18.0,35.0
152.0,24.0,0.0,5.0,75.0,3.0,33.0,18.0,19.0
404.0,28.0,0.0,1.0,200.0,8.0,110.0,40.0,45.0
208.0,24.0,2.0,0.0,110.0,6.0,35.0,16.0,25.0
511.0,23.0,0.0,3.0,40.0,4.0,25.0,12.0,28.0
9.0,29.0,0.0,2.0,55.0,2.0,10.0,3.0,8.0
328.0,25.0,0.0,1.0,160.0,6.0,85.0,26.0,30.0
453.0,29.0,2.0,0.0,85.0,2.0,27.0,9.0,20.0
254.0,33.0,0.0,1.0,145.0,4.0,65.0,23.0,35.0
897.0,22.0,0.0,0.0,70.0,1.0,14.0,6.0,10.0
913.0,34.0,1.0,2.0,85.0,1.0,43.0,12.0,30.0
881.0,31.0,1.0,4.0,50.0,2.0,20.0,10.0,12.0
865.0,24.0,2.0,6.0,70.0,4.0,48.0,13.0,20.0
624.0,33.0,2.0,1.0,190.0,8.0,105.0,36.0,50.0
346.0,30.0,1.0,1.0,175.0,7.0,100.0,33.0,38.0
807.0,27.0,0.0,5.0,85.0,3.0,40.0,18.0,20.0
263.0,34.0,2.0,4.0,80.0,2.0,21.0,8.0,20.0
151.0,27.0,1.0,1.0,165.0,6.0,85.0,30.0,28.0
473.0,21.0,2.0,0.0,55.0,3.0,17.0,7.0,12.0
641.0,31.0,1.0,2.0,45.0,1.0,9.0,4.0,10.0
103.0,22.0,2.0,0.0,60.0,2.0,20.0,10.0,15.0
129.0,26.0,2.0,1.0,110.0,5.0,32.0,12.0,23.0
551.0,27.0,1.0,1.0,165.0,6.0,85.0,30.0,28.0
929.0,30.0,1.0,5.0,90.0,4.0,43.0,19.0,24.0
489.0,25.0,0.0,1.0,170.0,6.0,83.0,30.0,33.0
371.0,24.0,0.0,1.0,140.0,4.0,65.0,22.0,30.0
147.0,21.0,0.0,5.0,90.0,3.0,37.0,14.0,20.0
403.0,22.0,2.0,0.0,60.0,2.0,20.0,10.0,15.0
955.0,31.0,1.0,2.0,60.0,1.0,15.0,7.0,17.0
683.0,34.0,0.0,1.0,105.0,7.0,42.0,16.0,31.0
660.0,27.0,1.0,0.0,60.0,1.0,12.0,5.0,15.0
464.0,26.0,0.0,3.0,120.0,4.0,55.0,18.0,30.0
187.0,31.0,1.0,4.0,85.0,3.0,45.0,20.0,28.0
609.0,29.0,0.0,2.0,55.0,2.0,15.0,5.0,10.0
144.0,23.0,2.0,0.0,105.0,2.0,25.0,12.0,18.0
752.0,24.0,0.0,5.0,75.0,3.0,33.0,18.0,19.0
982.0,24.0,2.0,3.0,85.0,3.0,33.0,20.0,18.0
198.0,35.0,1.0,6.0,110.0,3.0,50.0,25.0,25.0
884.0,22.0,1.0,5.0,70.0,1.0,22.0,7.0,22.0
280.0,27.0,0.0,6.0,90.0,4.0,37.0,18.0,20.0
294.0,29.0,0.0,3.0,95.0,2.0,23.0,10.0,28.0
128.0,25.0,0.0,1.0,160.0,6.0,85.0,26.0,30.0
401.0,25.0,0.0,1.0,120.0,5.0,50.0,20.0,25.0
123.0,29.0,1.0,2.0,60.0,2.0,17.0,8.0,15.0
203.0,22.0,2.0,0.0,60.0,2.0,20.0,10.0,15.0
836.0,24.0,2.0,2.0,55.0,1.0,11.0,6.0,11.0
247.0,21.0,0.0,5.0,90.0,3.0,37.0,14.0,20.0
463.0,34.0,2.0,1.0,60.0,4.0,23.0,14.0,30.0
385.0,29.0,2.0,0.0,75.0,2.0,20.0,8.0,20.0
855.0,31.0,1.0,2.0,60.0,1.0,15.0,7.0,17.0
220.0,32.0,0.0,1.0,140.0,6.0,75.0,28.0,30.0
642.0,25.0,0.0,1.0,150.0,6.0,90.0,26.0,30.0
2.0,30.0,1.0,5.0,90.0,5.0,20.0,25.0,30.0
113.0,34.0,1.0,2.0,65.0,1.0,14.0,6.0,15.0
699.0,28.0,2.0,4.0,60.0,2.0,18.0,8.0,18.0
952.0,24.0,0.0,5.0,75.0,3.0,33.0,18.0,19.0
381.0,31.0,1.0,4.0,50.0,2.0,20.0,10.0,12.0
442.0,25.0,0.0,1.0,150.0,6.0,90.0,26.0,30.0
664.0,26.0,0.0,3.0,120.0,4.0,55.0,18.0,30.0
512.0,28.0,2.0,3.0,55.0,2.0,30.0,11.0,12.0
318.0,27.0,1.0,5.0,90.0,3.0,40.0,16.0,24.0
649.0,32.0,1.0,1.0,130.0,5.0,80.0,28.0,31.0
710.0,31.0,1.0,1.0,170.0,7.0,90.0,35.0,40.0
973.0,21.0,2.0,0.0,55.0,3.0,17.0,7.0,12.0
628.0,25.0,0.0,1.0,160.0,6.0,85.0,26.0,30.0
633.0,23.0,2.0,5.0,70.0,3.0,30.0,14.0,18.0
985.0,29.0,2.0,0.0,75.0,2.0,20.0,8.0,20.0
541.0,32.0,0.0,3.0,45.0,1.0,7.0,5.0,17.0
796.0,33.0,2.0,5.0,85.0,4.0,35.0,18.0,18.0
646.0,30.0,1.0,1.0,175.0,7.0,100.0,33.0,38.0
444.0,23.0,2.0,0.0,105.0,2.0,25.0,12.0,18.0
557.0,25.0,1.0,4.0,90.0,3.0,22.0,11.0,22.0
682.0,24.0,2.0,3.0,85.0,3.0,33.0,20.0,18.0
578.0,26.0,1.0,5.0,75.0,2.0,23.0,12.0,18.0
525.0,22.0,0.0,5.0,70.0,3.0,25.0,16.0,15.0
275.0,25.0,1.0,4.0,80.0,4.0,28.0,11.0,25.0
541.0,31.0,1.0,2.0,45.0,1.0,9.0,4.0,10.0
749.0,32.0,1.0,1.0,130.0,5.0,80.0,28.0,31.0
729.0,30.0,0.0,0.0,90.0,4.0,38.0,20.0,24.0
485.0,29.0,2.0,0.0,75.0,2.0,20.0,8.0,20.0
96.0,33.0,2.0,5.0,85.0,4.0,30.0,13.0,18.0
743.0,29.0,1.0,5.0,95.0,4.0,50.0,22.0,22.0
564.0,26.0,0.0,3.0,120.0,4.0,55.0,18.0,30.0
743.0,29.0,1.0,5.0,95.0,4.0,50.0,22.0,22.0
864.0,26.0,0.0,3.0,120.0,4.0,55.0,18.0,30.0
892.0,32.0,0.0,6.0,105.0,4.0,55.0,25.0,25.0
212.0,26.0,2.0,0.0,95.0,3.0,30.0,14.0,18.0
207.0,27.0,0.0,5.0,85.0,3.0,40.0,18.0,20.0
393.0,24.0,1.0,4.0,75.0,3.0,37.0,16.0,22.0
795.0,26.0,1.0,1.0,150.0,5.0,70.0,25.0,30.0
871.0,24.0,0.0,1.0,140.0,4.0,65.0,22.0,30.0
398.0,35.0,1.0,6.0,110.0,3.0,50.0,25.0,25.0
767.0,28.0,1.0,1.0,165.0,5.0,78.0,23.0,35.0
896.0,33.0,2.0,5.0,85.0,4.0,35.0,18.0,18.0
700.0,27.0,0.0,3.0,120.0,4.0,40.0,18.0,22.0
643.0,29.0,1.0,5.0,95.0,4.0,50.0,22.0,22.0
613.0,34.0,1.0,2.0,65.0,1.0,14.0,6.0,15.0
961.0,30.0,0.0,1.0,175.0,6.0,72.0,30.0,33.0
726.0,31.0,1.0,0.0,80.0,2.0,20.0,10.0,20.0
684.0,22.0,1.0,5.0,70.0,1.0,22.0,7.0,22.0
99.0,28.0,2.0,4.0,60.0,2.0,15.0,6.0,18.0
805.0,33.0,1.0,2.0,45.0,1.0,10.0,5.0,12.0
407.0,27.0,0.0,5.0,85.0,3.0,40.0,18.0,20.0
503.0,22.0,2.0,0.0,60.0,2.0,20.0,10.0,15.0
223.0,29.0,1.0,2.0,60.0,2.0,15.0,5.0,10.0
900.0,27.0,0.0,3.0,120.0,4.0,40.0,18.0,22.0
930.0,26.0,2.0,0.0,45.0,1.0,8.0,4.0,12.0
780.0,27.0,0.0,6.0,90.0,4.0,37.0,18.0,20.0
201.0,25.0,0.0,1.0,120.0,5.0,50.0,20.0,25.0
135.0,29.0,1.0,0.0,65.0,2.0,27.0,11.0,22.0
376.0,28.0,2.0,3.0,115.0,3.0,38.0,18.0,27.0
41.0,31.0,1.0,2.0,45.0,1.0,6.0,2.0,9.0
181.0,31.0,1.0,4.0,50.0,2.0,20.0,10.0,12.0
231.0,34.0,0.0,2.0,65.0,2.0,17.0,5.0,14.0
379.0,33.0,2.0,0.0,65.0,1.0,13.0,7.0,14.0
289.0,25.0,0.0,1.0,170.0,6.0,83.0,30.0,33.0
419.0,23.0,2.0,2.0,50.0,1.0,12.0,6.0,12.0
392.0,32.0,0.0,6.0,105.0,4.0,55.0,25.0,25.0
593.0,24.0,1.0,4.0,75.0,3.0,37.0,16.0,22.0
290.0,30.0,1.0,5.0,70.0,2.0,28.0,10.0,20.0
648.0,26.0,2.0,0.0,75.0,2.0,30.0,12.0,18.0
521.0,26.0,1.0,0.0,75.0,2.0,30.0,14.0,20.0
65.0,25.0,1.0,5.0,90.0,6.0,40.0,12.0,26.0
15.0,28.0,1.0,5.0,100.0,6.0,40.0,23.0,28.0
944.0,23.0,2.0,0.0,105.0,2.0,25.0,12.0,18.0
493.0,24.0,1.0,4.0,75.0,3.0,37.0,16.0,22.0
380.0,27.0,0.0,6.0,90.0,4.0,37.0,18.0,20.0
188.0,21.0,2.0,3.0,60.0,1.0,18.0,7.0,12.0
764.0,26.0,0.0,3.0,120.0,4.0,55.0,18.0,30.0
217.0,35.0,0.0,1.0,125.0,5.0,65.0,22.0,28.0
792.0,32.0,0.0,6.0,105.0,4.0,55.0,25.0,25.0
48.0,26.0,2.0,0.0,75.0,2.0,28.0,11.0,18.0
879.0,33.0,2.0,0.0,65.0,1.0,13.0,7.0,14.0
338.0,27.0,1.0,5.0,85.0,4.0,45.0,18.0,24.0
720.0,32.0,0.0,1.0,140.0,6.0,75.0,28.0,30.0
296.0,33.0,2.0,5.0,85.0,4.0,35.0,18.0,18.0
555.0,31.0,1.0,2.0,60.0,1.0,15.0,7.0,17.0
456.0,22.0,0.0,6.0,70.0,2.0,42.0,10.0,21.0
816.0,21.0,2.0,0.0,40.0,1.0,10.0,4.0,12.0
270.0,22.0,2.0,3.0,75.0,2.0,21.0,8.0,20.0
996.0,33.0,2.0,5.0,85.0,4.0,35.0,18.0,18.0
202.0,30.0,1.0,5.0,90.0,4.0,30.0,20.0,22.0
162.0,23.0,1.0,6.0,70.0,3.0,22.0,10.0,18.0
730.0,26.0,2.0,0.0,45.0,1.0,8.0,4.0,12.0
402.0,30.0,1.0,5.0,90.0,4.0,30.0,20.0,22.0
703.0,22.0,2.0,0.0,60.0,2.0,20.0,10.0,15.0
416.0,21.0,2.0,0.0,40.0,1.0,10.0,4.0,22.0
566.0,29.0,2.0,0.0,60.0,1.0,12.0,4.0,12.0
526.0,31.0,1.0,0.0,80.0,2.0,20.0,10.0,20.0
836.0,24.0,2.0,2.0,55.0,1.0,11.0,6.0,11.0
28.0,25.0,0.0,1.0,160.0,6.0,85.0,19.0,32.0
206.0,21.0,1.0,1.0,150.0,5.0,65.0,25.0,30.0
35.0,29.0,1.0,0.0,65.0,2.0,22.0,8.0,20.0
776.0,28.0,2.0,3.0,115.0,3.0,38.0,18.0,27.0
509.0,29.0,0.0,2.0,55.0,2.0,15.0,5.0,10.0
718.0,27.0,1.0,5.0,90.0,3.0,40.0,16.0,24.0
92.0,32.0,0.0,6.0,105.0,4.0,50.0,18.0,25.0
898.0,35.0,1.0,6.0,110.0,3.0,50.0,25.0,25.0
565.0,25.0,1.0,5.0,90.0,6.0,42.0,14.0,26.0
777.0,32.0,0.0,1.0,155.0,6.0,75.0,25.0,38.0
242.0,25.0,0.0,1.0,150.0,6.0,90.0,26.0,30.0
14.0,22.0,0.0,1.0,180.0,7.0,90.0,25.0,40.0
316.0,21.0,2.0,0.0,40.0,1.0,10.0,4.0,12.0
601.0,25.0,0.0,1.0,120.0,5.0,50.0,20.0,25.0
388.0,21.0,2.0,3.0,60.0,1.0,18.0,7.0,12.0
167.0,28.0,1.0,1.0,165.0,5.0,78.0,23.0,35.0
841.0,31.0,1.0,2.0,45.0,1.0,9.0,4.0,10.0
21.0,26.0,1.0,0.0,75.0,2.0,25.0,10.0,18.0
647.0,21.0,0.0,5.0,90.0,3.0,37.0,14.0,20.0
30.0,26.0,2.0,3.0,90.0,2.0,29.0,18.0,22.0
832.0,28.0,1.0,1.0,145.0,7.0,80.0,30.0,35.0
563.0,34.0,2.0,4.0,80.0,2.0,21.0,8.0,20.0
240.0,28.0,2.0,0.0,100.0,2.0,22.0,12.0,25.0
687.0,31.0,1.0,4.0,85.0,3.0,45.0,20.0,28.0
958.0,29.0,2.0,3.0,50.0,2.0,18.0,7.0,18.0
190.0,30.0,1.0,5.0,70.0,2.0,30.0,12.0,20.0
976.0,28.0,2.0,3.0,115.0,3.0,38.0,18.0,27.0
700.0,27.0,0.0,3.0,120.0,4.0,40.0,18.0,22.0
511.0,23.0,0.0,5.0,75.0,4.0,45.0,20.0,25.0
422.0,24.0,0.0,5.0,105.0,4.0,35.0,20.0,23.0
475.0,25.0,1.0,4.0,80.0,4.0,30.0,13.0,25.0
857.0,25.0,1.0,4.0,90.0,3.0,22.0,11.0,22.0
748.0,26.0,2.0,0.0,75.0,2.0,30.0,12.0,18.0
253.0,29.0,2.0,0.0,85.0,2.0,27.0,9.0,20.0
22.0,24.0,0.0,5.0,105.0,4.0,28.0,14.0,20.0
460.0,27.0,1.0,0.0,60.0,1.0,12.0,5.0,15.0
514.0,22.0,0.0,1.0,180.0,8.0,100.0,38.0,45.0
277.0,32.0,0.0,1.0,155.0,6.0,75.0,25.0,38.0
956.0,22.0,0.0,6.0,70.0,2.0,42.0,10.0,21.0
386.0,28.0,0.0,6.0,100.0,4.0,37.0,14.0,26.0
806.0,21.0,1.0,1.0,150.0,5.0,65.0,25.0,30.0
344.0,23.0,2.0,0.0,105.0,2.0,25.0,12.0,18.0
770.0,22.0,2.0,3.0,75.0,2.0,21.0,8.0,20.0
131.0,34.0,0.0,2.0,65.0,2.0,17.0,5.0,14.0
872.0,35.0,1.0,5.0,70.0,1.0,13.0,8.0,10.0
810.0,31.0,1.0,1.0,170.0,7.0,90.0,35.0,40.0
88.0,21.0,2.0,3.0,60.0,1.0,15.0,5.0,12.0
331.0,34.0,0.0,2.0,65.0,2.0,17.0,5.0,14.0
467.0,28.0,1.0,1.0,165.0,5.0,78.0,23.0,35.0
122.0,24.0,0.0,5.0,105.0,4.0,35.0,20.0,23.0
490.0,30.0,1.0,5.0,70.0,2.0,30.0,12.0,20.0
184.0,22.0,1.0,5.0,70.0,1.0,20.0,5.0,22.0
763.0,34.0,2.0,4.0,80.0,3.0,21.0,7.0,20.0
861.0,30.0,0.0,1.0,175.0,6.0,72.0,30.0,33.0
745.0,35.0,1.0,2.0,60.0,1.0,15.0,5.0,14.0
